,date,open,high,low,close,volume,oi
0,2015-10-30 09:15:00+05:30,471.0,471.0,469.0,469.25,150297,0
1,2015-10-30 09:16:00+05:30,469.55,470.85,469.25,470.8,125438,0
2,2015-10-30 09:17:00+05:30,470.75,471.9,470.65,471.8,99822,0
3,2015-10-30 09:18:00+05:30,471.75,471.8,471.0,471.1,104355,0
4,2015-10-30 09:19:00+05:30,471.15,472.25,471.0,472.0,91966,0
5,2015-10-30 09:20:00+05:30,472.0,472.0,471.35,471.75,62613,0
6,2015-10-30 09:21:00+05:30,471.8,472.25,471.75,471.95,50318,0
7,2015-10-30 09:22:00+05:30,472.1,472.1,471.25,471.25,55201,0
8,2015-10-30 09:23:00+05:30,471.2,471.2,470.7,471.1,50266,0
9,2015-10-30 09:24:00+05:30,471.2,471.2,470.85,471.0,42555,0
10,2015-10-30 09:25:00+05:30,471.0,471.25,470.9,471.0,29375,0
11,2015-10-30 09:26:00+05:30,470.95,470.95,470.0,470.15,71289,0
12,2015-10-30 09:27:00+05:30,470.15,470.15,469.35,469.65,73045,0
13,2015-10-30 09:28:00+05:30,469.6,470.1,469.6,469.9,45075,0
14,2015-10-30 09:29:00+05:30,469.9,470.35,469.8,470.35,37020,0
15,2015-10-30 09:30:00+05:30,470.45,470.9,470.2,470.85,35855,0
16,2015-10-30 09:31:00+05:30,470.85,471.4,470.55,470.55,45035,0
17,2015-10-30 09:32:00+05:30,470.55,470.6,469.5,470.05,52920,0
18,2015-10-30 09:33:00+05:30,470.05,470.65,470.0,470.65,32087,0
19,2015-10-30 09:34:00+05:30,470.75,470.95,470.6,470.65,27333,0
20,2015-10-30 09:35:00+05:30,471.0,471.0,470.55,471.0,63066,0
21,2015-10-30 09:36:00+05:30,471.0,471.0,470.75,470.95,22714,0
22,2015-10-30 09:37:00+05:30,470.9,471.0,470.7,471.0,35022,0
23,2015-10-30 09:38:00+05:30,471.0,471.0,470.75,470.75,52440,0
24,2015-10-30 09:39:00+05:30,470.8,470.85,470.6,470.75,25730,0
25,2015-10-30 09:40:00+05:30,470.8,471.0,470.75,470.8,18919,0
26,2015-10-30 09:41:00+05:30,471.0,471.0,470.65,470.75,34188,0
27,2015-10-30 09:42:00+05:30,470.6,470.75,470.2,470.2,38058,0
28,2015-10-30 09:43:00+05:30,470.2,470.5,470.2,470.5,20486,0
29,2015-10-30 09:44:00+05:30,470.4,470.5,470.2,470.25,18667,0
30,2015-10-30 09:45:00+05:30,470.25,470.25,469.75,469.75,39349,0
31,2015-10-30 09:46:00+05:30,469.75,469.9,469.55,469.7,27240,0
32,2015-10-30 09:47:00+05:30,469.7,470.0,469.55,469.6,31237,0
33,2015-10-30 09:48:00+05:30,469.6,469.7,468.45,468.8,64796,0
34,2015-10-30 09:49:00+05:30,468.8,469.0,467.65,467.75,81780,0
35,2015-10-30 09:50:00+05:30,467.7,468.05,467.25,468.05,76403,0
36,2015-10-30 09:51:00+05:30,467.9,468.4,467.9,468.2,41766,0
37,2015-10-30 09:52:00+05:30,468.25,468.7,468.15,468.65,31492,0
38,2015-10-30 09:53:00+05:30,468.65,468.8,468.3,468.8,41376,0
39,2015-10-30 09:54:00+05:30,468.8,469.0,468.75,468.95,26808,0
40,2015-10-30 09:55:00+05:30,468.85,468.85,468.35,468.5,24971,0
41,2015-10-30 09:56:00+05:30,468.5,468.7,468.2,468.6,26020,0
42,2015-10-30 09:57:00+05:30,468.6,468.6,468.0,468.35,27628,0
43,2015-10-30 09:58:00+05:30,468.3,468.45,468.2,468.45,19416,0
44,2015-10-30 09:59:00+05:30,468.4,468.75,468.4,468.55,34373,0
45,2015-10-30 10:00:00+05:30,468.5,468.55,468.25,468.35,21791,0
46,2015-10-30 10:01:00+05:30,468.4,468.5,468.1,468.2,25148,0
47,2015-10-30 10:02:00+05:30,468.2,468.2,466.55,466.6,102585,0
48,2015-10-30 10:03:00+05:30,466.6,466.9,466.25,466.3,63750,0
49,2015-10-30 10:04:00+05:30,466.3,466.35,465.2,465.55,112871,0
50,2015-10-30 10:05:00+05:30,465.65,466.25,465.45,465.85,71085,0
51,2015-10-30 10:06:00+05:30,465.85,465.9,465.15,465.7,161320,0
52,2015-10-30 10:07:00+05:30,465.75,466.15,465.7,465.8,48720,0
53,2015-10-30 10:08:00+05:30,465.85,466.25,465.65,466.25,35767,0
54,2015-10-30 10:09:00+05:30,466.2,466.45,466.15,466.25,22034,0
55,2015-10-30 10:10:00+05:30,466.25,466.6,466.25,466.45,20755,0
56,2015-10-30 10:11:00+05:30,466.4,466.5,466.4,466.45,27428,0
57,2015-10-30 10:12:00+05:30,466.45,466.85,466.4,466.85,28699,0
58,2015-10-30 10:13:00+05:30,466.8,466.9,466.65,466.75,25742,0
59,2015-10-30 10:14:00+05:30,466.8,467.05,466.45,466.45,64720,0
60,2015-10-30 10:15:00+05:30,466.55,467.0,466.5,466.85,29885,0
61,2015-10-30 10:16:00+05:30,466.85,467.4,466.75,467.05,42784,0
62,2015-10-30 10:17:00+05:30,467.05,467.15,466.8,466.85,20447,0
63,2015-10-30 10:18:00+05:30,466.85,467.2,466.85,467.0,18164,0
64,2015-10-30 10:19:00+05:30,467.1,467.1,466.8,466.9,20132,0
65,2015-10-30 10:20:00+05:30,467.0,467.3,467.0,467.1,14681,0
66,2015-10-30 10:21:00+05:30,467.05,467.25,467.05,467.25,26820,0
67,2015-10-30 10:22:00+05:30,467.15,467.75,467.15,467.75,34745,0
68,2015-10-30 10:23:00+05:30,467.75,468.55,467.65,468.4,64198,0
69,2015-10-30 10:24:00+05:30,468.45,468.75,468.1,468.55,42214,0
70,2015-10-30 10:25:00+05:30,468.6,468.85,468.55,468.6,32832,0
71,2015-10-30 10:26:00+05:30,468.65,470.0,468.55,469.8,119051,0
72,2015-10-30 10:27:00+05:30,469.95,469.95,469.4,469.7,37772,0
73,2015-10-30 10:28:00+05:30,469.5,469.75,469.5,469.55,29142,0
74,2015-10-30 10:29:00+05:30,469.7,469.75,469.3,469.5,20645,0
75,2015-10-30 10:30:00+05:30,469.5,471.0,469.3,470.9,91186,0
76,2015-10-30 10:31:00+05:30,470.9,471.2,470.55,471.0,78201,0
77,2015-10-30 10:32:00+05:30,470.95,471.0,470.35,470.35,33170,0
78,2015-10-30 10:33:00+05:30,470.45,470.5,469.8,470.0,50676,0
79,2015-10-30 10:34:00+05:30,470.0,470.4,469.7,470.05,43103,0
80,2015-10-30 10:35:00+05:30,470.2,470.65,469.95,470.15,31161,0
81,2015-10-30 10:36:00+05:30,470.25,470.8,469.95,469.95,80914,0
82,2015-10-30 10:37:00+05:30,469.9,470.8,469.9,470.75,35350,0
83,2015-10-30 10:38:00+05:30,470.85,471.5,470.65,471.25,59503,0
84,2015-10-30 10:39:00+05:30,471.2,471.45,471.0,471.25,39414,0
85,2015-10-30 10:40:00+05:30,471.2,471.5,471.05,471.4,43755,0
86,2015-10-30 10:41:00+05:30,471.4,471.45,471.1,471.3,35782,0
87,2015-10-30 10:42:00+05:30,471.3,471.45,471.05,471.1,30457,0
88,2015-10-30 10:43:00+05:30,471.15,471.3,470.8,470.9,29753,0
89,2015-10-30 10:44:00+05:30,470.9,471.0,470.2,470.2,34171,0
90,2015-10-30 10:45:00+05:30,470.5,470.6,470.2,470.5,27231,0
91,2015-10-30 10:46:00+05:30,470.6,470.6,470.4,470.45,13674,0
92,2015-10-30 10:47:00+05:30,470.7,471.15,470.5,471.15,25977,0
93,2015-10-30 10:48:00+05:30,471.05,471.25,470.7,471.2,20320,0
94,2015-10-30 10:49:00+05:30,471.0,471.2,470.8,470.85,27259,0
95,2015-10-30 10:50:00+05:30,470.8,470.95,470.0,470.25,45611,0
96,2015-10-30 10:51:00+05:30,470.25,470.5,470.1,470.2,25204,0
97,2015-10-30 10:52:00+05:30,470.15,470.15,469.0,469.65,63865,0
98,2015-10-30 10:53:00+05:30,469.6,469.85,469.3,469.65,23825,0
99,2015-10-30 10:54:00+05:30,469.65,470.0,469.65,469.85,17450,0
100,2015-10-30 10:55:00+05:30,469.85,469.95,469.7,469.9,13214,0
101,2015-10-30 10:56:00+05:30,469.85,470.0,469.75,469.8,18022,0
102,2015-10-30 10:57:00+05:30,469.85,470.1,469.8,470.0,17151,0
103,2015-10-30 10:58:00+05:30,470.0,470.15,469.9,470.0,20446,0
104,2015-10-30 10:59:00+05:30,470.0,470.15,470.0,470.05,14648,0
105,2015-10-30 11:00:00+05:30,470.05,470.2,470.0,470.15,15199,0
106,2015-10-30 11:01:00+05:30,470.2,470.25,470.0,470.1,18281,0
107,2015-10-30 11:02:00+05:30,470.15,470.2,470.0,470.0,31065,0
108,2015-10-30 11:03:00+05:30,470.0,470.15,469.95,470.05,11642,0
109,2015-10-30 11:04:00+05:30,470.05,470.05,469.6,469.65,21926,0
110,2015-10-30 11:05:00+05:30,469.65,469.7,469.45,469.6,19996,0
111,2015-10-30 11:06:00+05:30,469.6,469.65,469.35,469.5,19187,0
112,2015-10-30 11:07:00+05:30,469.6,469.65,469.5,469.5,17245,0
113,2015-10-30 11:08:00+05:30,469.5,469.6,469.4,469.45,28586,0
114,2015-10-30 11:09:00+05:30,469.45,469.65,469.4,469.65,23226,0
115,2015-10-30 11:10:00+05:30,469.6,470.0,469.55,469.95,17005,0
116,2015-10-30 11:11:00+05:30,469.9,470.45,469.9,470.0,19876,0
117,2015-10-30 11:12:00+05:30,470.0,470.0,469.6,469.85,11905,0
118,2015-10-30 11:13:00+05:30,469.95,469.95,469.55,469.75,13375,0
119,2015-10-30 11:14:00+05:30,469.7,470.0,469.5,469.95,15532,0
120,2015-10-30 11:15:00+05:30,470.0,470.15,469.85,470.15,19638,0
121,2015-10-30 11:16:00+05:30,470.2,470.2,469.75,470.15,16511,0
122,2015-10-30 11:17:00+05:30,470.1,470.5,470.0,470.5,22191,0
123,2015-10-30 11:18:00+05:30,470.45,471.2,470.1,471.0,103054,0
124,2015-10-30 11:19:00+05:30,471.0,471.2,470.85,471.1,48248,0
125,2015-10-30 11:20:00+05:30,471.1,471.25,470.8,471.0,36726,0
126,2015-10-30 11:21:00+05:30,470.75,471.2,470.65,471.15,33628,0
127,2015-10-30 11:22:00+05:30,470.95,471.3,470.95,471.05,47340,0
128,2015-10-30 11:23:00+05:30,471.1,471.45,471.1,471.45,26472,0
129,2015-10-30 11:24:00+05:30,471.4,472.1,471.4,471.8,160134,0
130,2015-10-30 11:25:00+05:30,471.7,471.75,471.4,471.75,38995,0
131,2015-10-30 11:26:00+05:30,471.8,472.1,471.15,471.3,75799,0
132,2015-10-30 11:27:00+05:30,471.45,471.45,471.15,471.25,26551,0
133,2015-10-30 11:28:00+05:30,471.25,471.7,471.2,471.5,22467,0
134,2015-10-30 11:29:00+05:30,471.5,471.7,471.35,471.6,17856,0
135,2015-10-30 11:30:00+05:30,471.7,471.9,471.65,471.85,22156,0
136,2015-10-30 11:31:00+05:30,471.75,471.8,471.6,471.7,15749,0
137,2015-10-30 11:32:00+05:30,471.7,471.7,471.5,471.55,22453,0
138,2015-10-30 11:33:00+05:30,471.5,471.8,471.5,471.75,24092,0
139,2015-10-30 11:34:00+05:30,471.8,472.2,471.65,472.15,72033,0
140,2015-10-30 11:35:00+05:30,472.15,472.15,471.8,472.05,40196,0
141,2015-10-30 11:36:00+05:30,472.0,472.15,471.9,472.05,29176,0
142,2015-10-30 11:37:00+05:30,472.1,472.75,472.0,472.6,60766,0
143,2015-10-30 11:38:00+05:30,472.5,472.75,472.15,472.7,42237,0
144,2015-10-30 11:39:00+05:30,472.7,472.75,472.35,472.4,31728,0
145,2015-10-30 11:40:00+05:30,472.4,472.4,472.0,472.05,32989,0
146,2015-10-30 11:41:00+05:30,472.05,472.1,472.0,472.05,28291,0
147,2015-10-30 11:42:00+05:30,472.05,472.25,472.05,472.15,15234,0
148,2015-10-30 11:43:00+05:30,472.15,472.2,472.0,472.0,13659,0
149,2015-10-30 11:44:00+05:30,472.05,472.15,472.0,472.05,41978,0
150,2015-10-30 11:45:00+05:30,472.0,472.05,472.0,472.05,23044,0
151,2015-10-30 11:46:00+05:30,472.0,472.1,471.95,472.0,39235,0
152,2015-10-30 11:47:00+05:30,472.05,472.15,472.05,472.1,17489,0
153,2015-10-30 11:48:00+05:30,472.05,472.15,472.0,472.1,14637,0
154,2015-10-30 11:49:00+05:30,472.1,472.35,472.05,472.35,25891,0
155,2015-10-30 11:50:00+05:30,472.4,472.45,472.1,472.25,16788,0
156,2015-10-30 11:51:00+05:30,472.15,472.3,472.1,472.25,18410,0
157,2015-10-30 11:52:00+05:30,472.3,472.35,472.25,472.35,17604,0
158,2015-10-30 11:53:00+05:30,472.4,472.45,472.3,472.35,12899,0
159,2015-10-30 11:54:00+05:30,472.35,472.45,472.25,472.45,21748,0
160,2015-10-30 11:55:00+05:30,472.15,472.6,472.15,472.6,33925,0
161,2015-10-30 11:56:00+05:30,472.7,473.4,472.5,473.3,71810,0
162,2015-10-30 11:57:00+05:30,473.3,473.8,473.0,473.8,70808,0
163,2015-10-30 11:58:00+05:30,473.8,474.6,473.8,474.45,120947,0
164,2015-10-30 11:59:00+05:30,474.4,474.4,474.0,474.1,65005,0
165,2015-10-30 12:00:00+05:30,474.1,474.15,474.0,474.05,77605,0
166,2015-10-30 12:01:00+05:30,474.1,474.15,474.0,474.05,36641,0
167,2015-10-30 12:02:00+05:30,474.05,474.2,474.0,474.05,35136,0
168,2015-10-30 12:03:00+05:30,474.1,474.35,474.05,474.3,32347,0
169,2015-10-30 12:04:00+05:30,474.25,474.3,474.1,474.25,20139,0
170,2015-10-30 12:05:00+05:30,474.3,474.95,474.25,474.95,75616,0
171,2015-10-30 12:06:00+05:30,474.9,475.9,474.85,475.65,170577,0
172,2015-10-30 12:07:00+05:30,475.95,475.95,475.3,475.7,53907,0
173,2015-10-30 12:08:00+05:30,475.8,476.5,475.75,476.4,132670,0
174,2015-10-30 12:09:00+05:30,476.4,476.9,476.4,476.6,89520,0
175,2015-10-30 12:10:00+05:30,476.6,477.35,476.6,477.1,147210,0
176,2015-10-30 12:11:00+05:30,477.1,477.15,476.6,477.1,108546,0
177,2015-10-30 12:12:00+05:30,477.1,477.3,477.0,477.0,80996,0
178,2015-10-30 12:13:00+05:30,477.0,477.1,476.75,476.9,110492,0
179,2015-10-30 12:14:00+05:30,476.75,476.95,475.8,476.0,59657,0
180,2015-10-30 12:15:00+05:30,476.05,476.2,476.0,476.2,35748,0
181,2015-10-30 12:16:00+05:30,476.2,476.5,476.0,476.2,27113,0
182,2015-10-30 12:17:00+05:30,476.4,476.4,476.15,476.2,20243,0
183,2015-10-30 12:18:00+05:30,476.05,476.2,475.75,476.0,58293,0
184,2015-10-30 12:19:00+05:30,476.0,476.1,475.6,475.9,44245,0
185,2015-10-30 12:20:00+05:30,475.9,476.1,475.8,476.1,40773,0
186,2015-10-30 12:21:00+05:30,476.15,476.2,476.05,476.2,19521,0
187,2015-10-30 12:22:00+05:30,476.05,476.75,476.05,476.75,38377,0
188,2015-10-30 12:23:00+05:30,476.65,477.15,476.6,476.95,45348,0
189,2015-10-30 12:24:00+05:30,476.95,477.2,476.75,476.8,25226,0
190,2015-10-30 12:25:00+05:30,476.9,476.9,476.5,476.55,26131,0
191,2015-10-30 12:26:00+05:30,476.55,476.75,476.25,476.5,24064,0
192,2015-10-30 12:27:00+05:30,476.5,476.5,476.0,476.1,23334,0
193,2015-10-30 12:28:00+05:30,476.0,476.25,475.9,476.0,60584,0
194,2015-10-30 12:29:00+05:30,476.0,476.05,475.9,476.0,43179,0
195,2015-10-30 12:30:00+05:30,476.0,476.05,475.9,476.0,18995,0
196,2015-10-30 12:31:00+05:30,476.05,476.05,475.9,476.0,25203,0
197,2015-10-30 12:32:00+05:30,475.95,476.0,475.55,475.55,45137,0
198,2015-10-30 12:33:00+05:30,475.75,475.8,475.55,475.75,39023,0
199,2015-10-30 12:34:00+05:30,475.7,475.75,475.3,475.45,35575,0
200,2015-10-30 12:35:00+05:30,475.45,475.6,475.2,475.5,26659,0
201,2015-10-30 12:36:00+05:30,475.5,475.55,475.15,475.55,32696,0
202,2015-10-30 12:37:00+05:30,475.55,475.6,475.25,475.4,32087,0
203,2015-10-30 12:38:00+05:30,475.4,475.5,475.25,475.35,24770,0
204,2015-10-30 12:39:00+05:30,475.35,475.65,475.25,475.65,47377,0
205,2015-10-30 12:40:00+05:30,475.7,476.0,475.5,475.95,32400,0
206,2015-10-30 12:41:00+05:30,475.75,476.25,475.65,476.1,24732,0
207,2015-10-30 12:42:00+05:30,476.2,476.3,476.0,476.0,14043,0
208,2015-10-30 12:43:00+05:30,476.0,476.05,475.8,476.0,15830,0
209,2015-10-30 12:44:00+05:30,476.0,476.0,475.65,476.0,24654,0
210,2015-10-30 12:45:00+05:30,475.95,475.95,475.1,475.45,46479,0
211,2015-10-30 12:46:00+05:30,475.1,475.5,475.05,475.45,57199,0
212,2015-10-30 12:47:00+05:30,475.45,475.85,475.4,475.85,45597,0
213,2015-10-30 12:48:00+05:30,475.7,475.85,475.6,475.6,16481,0
214,2015-10-30 12:49:00+05:30,475.55,475.7,475.3,475.4,26924,0
215,2015-10-30 12:50:00+05:30,475.45,475.45,475.1,475.1,25535,0
216,2015-10-30 12:51:00+05:30,475.1,475.35,475.0,475.1,51822,0
217,2015-10-30 12:52:00+05:30,475.05,475.4,474.85,474.9,65314,0
218,2015-10-30 12:53:00+05:30,474.9,475.15,474.7,475.15,68095,0
219,2015-10-30 12:54:00+05:30,475.0,475.25,475.0,475.2,77272,0
220,2015-10-30 12:55:00+05:30,475.2,475.5,475.0,475.5,73269,0
221,2015-10-30 12:56:00+05:30,475.5,476.0,475.5,475.95,41773,0
222,2015-10-30 12:57:00+05:30,475.9,476.05,475.5,475.75,57901,0
223,2015-10-30 12:58:00+05:30,475.75,475.75,475.1,475.1,20045,0
224,2015-10-30 12:59:00+05:30,475.1,475.3,475.1,475.25,13546,0
225,2015-10-30 13:00:00+05:30,475.25,475.4,475.15,475.25,11740,0
226,2015-10-30 13:01:00+05:30,475.2,475.25,475.1,475.2,11014,0
227,2015-10-30 13:02:00+05:30,475.2,475.4,475.2,475.35,14174,0
228,2015-10-30 13:03:00+05:30,475.35,475.6,475.35,475.55,12889,0
229,2015-10-30 13:04:00+05:30,475.5,475.6,475.0,475.0,34386,0
230,2015-10-30 13:05:00+05:30,475.1,475.15,474.85,474.85,24818,0
231,2015-10-30 13:06:00+05:30,474.85,475.25,474.85,474.9,26824,0
232,2015-10-30 13:07:00+05:30,475.0,475.05,474.85,474.9,25185,0
233,2015-10-30 13:08:00+05:30,474.95,474.95,474.7,474.7,23783,0
234,2015-10-30 13:09:00+05:30,474.7,474.75,474.55,474.65,22541,0
235,2015-10-30 13:10:00+05:30,474.75,475.0,474.6,475.0,15351,0
236,2015-10-30 13:11:00+05:30,475.0,475.7,474.85,475.7,23153,0
237,2015-10-30 13:12:00+05:30,475.65,475.65,475.0,475.15,19059,0
238,2015-10-30 13:13:00+05:30,475.15,475.15,474.75,474.8,18525,0
239,2015-10-30 13:14:00+05:30,474.7,474.85,474.3,474.65,19570,0
240,2015-10-30 13:15:00+05:30,474.65,474.95,474.6,474.75,14966,0
241,2015-10-30 13:16:00+05:30,474.75,474.9,474.65,474.8,13069,0
242,2015-10-30 13:17:00+05:30,474.85,475.1,474.85,475.0,15442,0
243,2015-10-30 13:18:00+05:30,475.05,475.4,475.0,475.4,12543,0
244,2015-10-30 13:19:00+05:30,475.4,475.4,474.95,475.1,11097,0
245,2015-10-30 13:20:00+05:30,475.1,475.15,474.8,474.9,12403,0
246,2015-10-30 13:21:00+05:30,474.9,474.9,474.55,474.7,15822,0
247,2015-10-30 13:22:00+05:30,474.7,475.0,474.55,475.0,20934,0
248,2015-10-30 13:23:00+05:30,474.95,475.0,474.5,474.5,26744,0
249,2015-10-30 13:24:00+05:30,474.55,474.85,474.1,474.35,17404,0
250,2015-10-30 13:25:00+05:30,474.35,474.6,474.2,474.6,19076,0
251,2015-10-30 13:26:00+05:30,474.55,474.55,474.15,474.25,12931,0
252,2015-10-30 13:27:00+05:30,474.25,474.7,474.1,474.7,13331,0
253,2015-10-30 13:28:00+05:30,474.7,475.0,474.6,474.6,23516,0
254,2015-10-30 13:29:00+05:30,474.6,474.65,474.45,474.55,15609,0
255,2015-10-30 13:30:00+05:30,474.5,475.0,474.5,475.0,13906,0
256,2015-10-30 13:31:00+05:30,474.8,475.2,474.8,475.15,15419,0
257,2015-10-30 13:32:00+05:30,475.2,475.3,475.05,475.2,10234,0
258,2015-10-30 13:33:00+05:30,475.2,475.3,474.95,475.25,25655,0
259,2015-10-30 13:34:00+05:30,475.25,475.25,475.0,475.05,9699,0
260,2015-10-30 13:35:00+05:30,475.05,475.05,475.0,475.05,10540,0
261,2015-10-30 13:36:00+05:30,475.0,475.05,474.95,475.05,15618,0
262,2015-10-30 13:37:00+05:30,475.05,475.05,474.5,474.55,36762,0
263,2015-10-30 13:38:00+05:30,474.5,474.55,474.15,474.25,23384,0
264,2015-10-30 13:39:00+05:30,474.2,474.6,473.05,474.6,93761,0
265,2015-10-30 13:40:00+05:30,474.6,474.6,474.1,474.25,20703,0
266,2015-10-30 13:41:00+05:30,474.1,474.7,474.1,474.7,32697,0
267,2015-10-30 13:42:00+05:30,474.55,474.75,474.3,474.65,23861,0
268,2015-10-30 13:43:00+05:30,474.65,474.75,474.0,474.2,25397,0
269,2015-10-30 13:44:00+05:30,474.2,474.2,473.75,473.8,33279,0
270,2015-10-30 13:45:00+05:30,473.9,474.4,473.75,474.2,35125,0
271,2015-10-30 13:46:00+05:30,474.15,474.15,473.5,473.9,28746,0
272,2015-10-30 13:47:00+05:30,473.85,474.0,473.8,473.9,20808,0
273,2015-10-30 13:48:00+05:30,473.9,474.2,473.85,474.2,22858,0
274,2015-10-30 13:49:00+05:30,474.2,474.2,473.9,474.0,8618,0
275,2015-10-30 13:50:00+05:30,473.9,474.25,473.9,473.95,15792,0
276,2015-10-30 13:51:00+05:30,473.9,473.95,473.85,473.9,17265,0
277,2015-10-30 13:52:00+05:30,473.85,473.95,473.35,473.35,29800,0
278,2015-10-30 13:53:00+05:30,473.45,473.5,473.25,473.45,17299,0
279,2015-10-30 13:54:00+05:30,473.45,473.9,473.35,473.4,25503,0
280,2015-10-30 13:55:00+05:30,473.35,473.75,473.35,473.4,18622,0
281,2015-10-30 13:56:00+05:30,473.4,473.45,472.3,472.35,65509,0
282,2015-10-30 13:57:00+05:30,472.35,473.0,472.35,472.65,26816,0
283,2015-10-30 13:58:00+05:30,472.85,472.85,472.5,472.5,21687,0
284,2015-10-30 13:59:00+05:30,472.5,472.85,472.45,472.75,27511,0
285,2015-10-30 14:00:00+05:30,472.55,473.0,472.2,472.25,62936,0
286,2015-10-30 14:01:00+05:30,472.25,472.8,472.25,472.7,41585,0
287,2015-10-30 14:02:00+05:30,472.7,472.8,472.45,472.7,26983,0
288,2015-10-30 14:03:00+05:30,472.7,473.05,472.5,472.9,22742,0
289,2015-10-30 14:04:00+05:30,473.05,473.4,472.9,473.3,33770,0
290,2015-10-30 14:05:00+05:30,473.35,473.75,473.05,473.65,33058,0
291,2015-10-30 14:06:00+05:30,473.65,473.65,473.2,473.35,23694,0
292,2015-10-30 14:07:00+05:30,473.35,473.95,473.25,473.95,28735,0
293,2015-10-30 14:08:00+05:30,473.95,474.55,473.85,474.25,38127,0
294,2015-10-30 14:09:00+05:30,474.3,474.3,473.85,474.0,19514,0
295,2015-10-30 14:10:00+05:30,473.9,474.0,473.55,473.75,30617,0
296,2015-10-30 14:11:00+05:30,473.6,473.75,473.25,473.5,27609,0
297,2015-10-30 14:12:00+05:30,473.5,473.9,473.45,473.5,29332,0
298,2015-10-30 14:13:00+05:30,473.5,473.5,473.0,473.05,20840,0
299,2015-10-30 14:14:00+05:30,473.0,473.35,472.85,472.9,24037,0
300,2015-10-30 14:15:00+05:30,472.9,473.35,472.8,473.25,29916,0
301,2015-10-30 14:16:00+05:30,473.15,473.7,473.0,473.45,37026,0
302,2015-10-30 14:17:00+05:30,473.5,473.5,473.15,473.35,22598,0
303,2015-10-30 14:18:00+05:30,473.35,474.0,473.2,474.0,21323,0
304,2015-10-30 14:19:00+05:30,473.75,474.0,473.4,473.85,29562,0
305,2015-10-30 14:20:00+05:30,473.75,474.1,473.7,473.75,22548,0
306,2015-10-30 14:21:00+05:30,473.7,473.85,473.55,473.55,28228,0
307,2015-10-30 14:22:00+05:30,473.55,473.7,473.45,473.55,14897,0
308,2015-10-30 14:23:00+05:30,473.55,474.2,473.4,473.9,22718,0
309,2015-10-30 14:24:00+05:30,473.85,474.4,473.55,474.1,26665,0
310,2015-10-30 14:25:00+05:30,474.25,474.6,474.05,474.3,33415,0
311,2015-10-30 14:26:00+05:30,474.45,474.65,474.1,474.4,25000,0
312,2015-10-30 14:27:00+05:30,474.4,474.4,474.25,474.3,30648,0
313,2015-10-30 14:28:00+05:30,474.3,474.7,474.3,474.7,32740,0
314,2015-10-30 14:29:00+05:30,474.7,474.7,473.9,473.95,33454,0
315,2015-10-30 14:30:00+05:30,473.95,473.95,472.05,472.05,57675,0
316,2015-10-30 14:31:00+05:30,472.1,472.7,472.0,472.7,63601,0
317,2015-10-30 14:32:00+05:30,472.7,472.75,472.15,472.7,30872,0
318,2015-10-30 14:33:00+05:30,472.6,472.8,472.55,472.6,28357,0
319,2015-10-30 14:34:00+05:30,472.6,472.7,472.4,472.4,33461,0
320,2015-10-30 14:35:00+05:30,472.5,472.5,471.8,472.1,49180,0
321,2015-10-30 14:36:00+05:30,472.1,472.5,472.0,472.4,27446,0
322,2015-10-30 14:37:00+05:30,472.4,472.6,472.15,472.5,34730,0
323,2015-10-30 14:38:00+05:30,472.4,472.85,472.3,472.85,32748,0
324,2015-10-30 14:39:00+05:30,472.65,473.0,472.65,472.8,32870,0
325,2015-10-30 14:40:00+05:30,472.8,472.95,472.6,472.7,27953,0
326,2015-10-30 14:41:00+05:30,472.7,473.05,472.55,472.65,31835,0
327,2015-10-30 14:42:00+05:30,473.0,473.05,472.55,472.8,29256,0
328,2015-10-30 14:43:00+05:30,473.05,473.05,472.15,472.25,40750,0
329,2015-10-30 14:44:00+05:30,472.25,472.25,471.7,472.1,64905,0
330,2015-10-30 14:45:00+05:30,472.1,472.2,471.75,472.0,46277,0
331,2015-10-30 14:46:00+05:30,472.35,472.35,471.9,471.9,29445,0
332,2015-10-30 14:47:00+05:30,471.95,472.05,471.8,471.8,20552,0
333,2015-10-30 14:48:00+05:30,471.8,472.5,471.75,472.15,31418,0
334,2015-10-30 14:49:00+05:30,472.4,472.45,472.05,472.05,25406,0
335,2015-10-30 14:50:00+05:30,472.05,472.25,471.75,471.75,59556,0
336,2015-10-30 14:51:00+05:30,471.75,472.5,471.55,472.5,43025,0
337,2015-10-30 14:52:00+05:30,472.5,472.85,472.25,472.6,25908,0
338,2015-10-30 14:53:00+05:30,473.0,473.35,472.7,473.3,37439,0
339,2015-10-30 14:54:00+05:30,473.3,473.5,473.25,473.45,34594,0
340,2015-10-30 14:55:00+05:30,473.45,473.5,472.75,472.75,43814,0
341,2015-10-30 14:56:00+05:30,472.75,472.75,471.9,471.9,66333,0
342,2015-10-30 14:57:00+05:30,471.9,472.15,471.6,472.1,26341,0
343,2015-10-30 14:58:00+05:30,472.15,472.75,472.1,472.55,47777,0
344,2015-10-30 14:59:00+05:30,472.55,473.0,472.5,472.6,19670,0
345,2015-10-30 15:00:00+05:30,472.65,472.65,472.4,472.5,49591,0
346,2015-10-30 15:01:00+05:30,472.5,473.0,472.05,473.0,93074,0
347,2015-10-30 15:02:00+05:30,473.0,473.9,473.0,473.45,79790,0
348,2015-10-30 15:03:00+05:30,473.45,474.65,473.4,474.45,138690,0
349,2015-10-30 15:04:00+05:30,474.55,475.2,474.5,474.85,127546,0
350,2015-10-30 15:05:00+05:30,474.85,476.1,474.85,476.0,138641,0
351,2015-10-30 15:06:00+05:30,476.1,476.5,475.9,476.1,108231,0
352,2015-10-30 15:07:00+05:30,476.0,476.55,476.0,476.25,128297,0
353,2015-10-30 15:08:00+05:30,476.2,476.7,476.1,476.5,114102,0
354,2015-10-30 15:09:00+05:30,476.55,477.2,476.5,476.9,130093,0
355,2015-10-30 15:10:00+05:30,476.75,477.75,476.5,477.7,150254,0
356,2015-10-30 15:11:00+05:30,477.7,478.0,476.3,476.5,140844,0
357,2015-10-30 15:12:00+05:30,476.5,476.95,476.5,476.5,97462,0
358,2015-10-30 15:13:00+05:30,476.5,476.5,475.65,475.7,75005,0
359,2015-10-30 15:14:00+05:30,475.7,475.85,475.1,475.15,102586,0
360,2015-10-30 15:15:00+05:30,475.15,475.25,474.6,474.8,119127,0
361,2015-10-30 15:16:00+05:30,474.8,475.0,474.6,474.7,90578,0
362,2015-10-30 15:17:00+05:30,474.7,475.3,474.65,474.8,92855,0
363,2015-10-30 15:18:00+05:30,474.8,475.75,474.75,475.2,119240,0
364,2015-10-30 15:19:00+05:30,475.1,475.5,474.75,475.05,86124,0
365,2015-10-30 15:20:00+05:30,475.0,475.8,475.0,475.5,96774,0
366,2015-10-30 15:21:00+05:30,475.5,476.2,475.25,475.35,95922,0
367,2015-10-30 15:22:00+05:30,475.4,475.4,475.05,475.05,75197,0
368,2015-10-30 15:23:00+05:30,475.1,475.35,475.0,475.05,80927,0
369,2015-10-30 15:24:00+05:30,475.0,475.75,475.0,475.35,97949,0
370,2015-10-30 15:25:00+05:30,475.35,475.4,474.95,475.05,104213,0
371,2015-10-30 15:26:00+05:30,475.0,475.0,474.2,474.35,98905,0
372,2015-10-30 15:27:00+05:30,474.35,476.0,474.3,475.5,163022,0
373,2015-10-30 15:28:00+05:30,475.3,475.65,474.55,475.05,106925,0
374,2015-10-30 15:29:00+05:30,474.8,475.5,474.65,475.5,26544,0
